RecordID,Time_s,RPM,Temperature_C,RMS_g,Peak_g,Kurtosis,Skewness,OperatingState,FaultLabel
1,0,1796.2,46.8,0.213,0.746,2.82,-0.32,Healthy,Healthy
2,5,1796.8,47.7,0.233,0.815,4.03,0.15,Healthy,Healthy
3,10,1805.9,46.3,0.17,0.595,3.87,0.25,Healthy,Healthy
4,15,1807.5,43.5,0.168,0.587,2.3,-0.14,Healthy,Healthy
5,20,1804.6,45.9,0.236,0.825,2.52,0.17,Healthy,Healthy
6,25,1805.9,45,0.272,0.95,3.6,0.53,Healthy,Healthy
7,30,1790.7,44.9,0.21,0.734,3,0.3,Healthy,Healthy
8,35,1803.7,45.3,0.191,0.67,2.63,0.54,Healthy,Healthy
9,40,1787.9,46.4,0.233,0.815,1.76,0.07,Healthy,Healthy
10,45,1819.6,43,0.21,0.736,3,-0.28,Healthy,Healthy
11,50,1807.5,45.9,0.176,0.616,3.85,0.32,Healthy,Healthy
12,55,1814.2,48.2,0.231,0.808,3.21,-0.47,Healthy,Healthy
13,60,1809.2,45.1,0.206,0.722,1.96,-0.34,Healthy,Healthy
14,65,1792,47.9,0.159,0.557,1.79,0.15,Healthy,Healthy
15,70,1821.7,46.9,0.163,0.571,0.83,0.19,Healthy,Healthy
16,75,1789,44.3,0.249,0.873,4.09,0.11,Healthy,Healthy
17,80,1803.7,46.7,0.268,0.937,3.66,0.26,Healthy,Healthy
18,85,1808.2,43.6,0.258,0.905,3.96,0.26,Healthy,Healthy
19,90,1770.4,45,0.245,0.858,1.47,-0.02,Healthy,Healthy
20,95,1815.3,44,0.268,0.939,3.6,-0.01,Healthy,Healthy
21,100,1804.9,47,0.224,0.783,4.13,-0.21,Healthy,Healthy
22,105,1793.8,47.6,0.221,0.773,2.31,0.43,Healthy,Healthy
23,110,1822,45.3,0.179,0.625,2.98,-0.01,Healthy,Healthy
24,115,1795.5,48.1,0.189,0.662,4.23,-0.46,Healthy,Healthy
25,120,1788.2,46.9,0.254,0.889,3.87,0.19,Healthy,Healthy
26,125,1802.1,46.2,,0.83,2.94,0.16,Healthy,Healthy
27,130,1808.6,46,0.243,0.85,3.61,0.85,Healthy,Healthy
28,135,1804.9,45.4,0.209,0.731,3.09,0.42,Healthy,Healthy
29,140,1795,46.6,0.275,0.963,0.79,-0.4,Healthy,Healthy
30,145,1803.7,46.6,0.227,0.795,2.71,0.31,Healthy,Healthy
31,150,1804.2,45.2,0.293,1.025,3.42,-0.17,Healthy,Healthy
32,155,1798.5,45.7,0.218,0.763,0.64,-0.14,Healthy,Healthy
33,160,1815.1,44.2,0.218,0.763,3.96,0.39,Healthy,Healthy
34,165,1822.4,43.4,0.209,0.733,2.79,0.3,Healthy,Healthy
35,170,1816.4,42,0.253,0.884,1.8,0.32,Healthy,Healthy
36,175,1777.6,46.3,0.256,0.895,2.97,0.13,Healthy,Healthy
37,180,1812,46.2,0.217,0.761,4.48,0.47,Healthy,Healthy
38,185,1795.6,50.1,0.186,0.65,3.92,-0.06,Healthy,Healthy
39,190,1802,47.1,0.227,0.793,3.67,-0.56,Healthy,Healthy
40,195,1777.4,46.9,0.191,0.669,2.18,-0.54,Healthy,Healthy
41,200,1819,47.1,0.264,0.925,2.26,0.05,Healthy,Healthy
42,205,1782.9,47.1,0.268,0.937,2.3,0.67,Healthy,Healthy
43,210,1814.8,45.7,0.161,0.563,4.37,0.01,Healthy,Healthy
44,215,1791,46.6,0.232,0.813,4.45,-0.36,Healthy,Healthy
45,220,,48.2,0.264,0.922,2.94,-0.25,Healthy,Healthy
46,225,1815.3,46.2,0.224,0.783,4.38,-0.06,Healthy,Healthy
47,230,1765.5,45.4,0.164,0.575,3.84,0.18,Healthy,Healthy
48,235,1790.8,46,0.245,0.857,3.17,0.58,Healthy,Healthy
49,240,1799.1,47.6,0.265,0.927,4.55,-0.22,Healthy,Healthy
50,245,1813.2,43.2,0.187,0.656,1.33,0.48,Healthy,Healthy
51,250,1781.5,46,0.214,0.75,3.07,-0.19,Healthy,Healthy
52,255,1803.5,48.7,0.221,0.775,3.58,0.45,Healthy,Healthy
53,260,1797,44.1,0.203,0.712,4.07,-0.61,Healthy,Healthy
54,265,1791,47.5,0.244,0.853,3.11,0.37,Healthy,Healthy
55,270,1802.5,44.2,0.173,0.606,2.52,0.42,Healthy,Healthy
56,275,1791.5,44.6,0.197,0.689,1.72,0,Healthy,Healthy
57,280,1782.3,46.5,0.149,0.522,3.4,-0.21,Healthy,Healthy
58,285,1770.9,47.1,0.212,0.741,1.09,-0.3,Healthy,Healthy
59,290,1804.4,45.3,0.243,0.852,3.77,0.32,Healthy,Healthy
60,295,1804.9,48,0.24,0.839,3.51,-0.78,Healthy,Healthy
61,300,1813.4,48,0.211,0.739,2.68,0.83,Healthy,Healthy
62,305,1773.6,46.7,0.293,1.024,2.27,0.33,Healthy,Healthy
63,310,1828.3,45.8,0.237,0.829,3.91,-0.31,Healthy,Healthy
64,315,1798.7,46.4,0.245,0.857,3.07,-0.03,Healthy,Healthy
65,320,1784.8,45.5,0.247,0.864,3.19,-0.29,Healthy,Healthy
66,325,1787.4,50,0.254,0.89,3.67,-0.99,Healthy,Healthy
67,330,1809.3,46.7,0.271,0.947,3.48,0.02,Healthy,Healthy
68,335,1807.8,43.1,,0.878,3.39,-0.23,Healthy,Healthy
69,340,1819.9,48.7,0.178,0.623,2.5,0.17,Healthy,Healthy
70,345,1802.8,45.4,0.191,0.668,5.01,0.46,Healthy,Healthy
71,350,1782.1,44,0.271,0.949,3.99,0.78,Healthy,Healthy
72,355,1812.2,44.7,0.228,0.797,1.16,-0.25,Healthy,Healthy
73,360,1799.1,46.8,0.198,0.694,2.99,0.23,Healthy,Healthy
74,365,1805.7,47,0.226,0.792,2.81,0.37,Healthy,Healthy
75,370,1800.7,44.8,0.201,0.704,3.1,0.01,Healthy,Healthy
76,375,1802.4,46,0.225,0.788,2.98,-0.45,Healthy,Healthy
77,380,1806.3,47.6,0.233,0.816,2.93,0.23,Healthy,Healthy
78,385,1785.5,43.2,0.222,0.776,2.26,0.35,Healthy,Healthy
79,390,1783.7,42.1,0.189,0.661,4.52,-0.1,Healthy,Healthy
80,395,1779.5,44.9,0.236,0.825,3.55,0.12,Healthy,Healthy
81,400,1822.3,47.1,0.219,0.768,3.64,0.71,Healthy,Healthy
82,405,1814.6,47.5,0.188,0.656,2.97,0.34,Healthy,Healthy
83,410,1795.6,47.6,0.238,0.833,3.92,-0.03,Healthy,Healthy
84,415,1838.2,47.9,0.214,0.747,3.18,1.09,Healthy,Healthy
85,420,1794.9,47.3,0.249,0.873,3.11,-0.42,Healthy,Healthy
86,425,1802.8,46.5,0.254,0.889,3.8,0.06,Healthy,Healthy
87,430,1812.8,46.8,0.226,0.792,3.15,-0.05,Healthy,Healthy
88,435,1810.3,44.4,0.201,0.704,3.1,-0.54,Healthy,Healthy
89,440,1793.5,43,0.2,0.698,3.61,0.28,Healthy,Healthy
90,445,1799.2,45.7,0.177,0.621,4.75,0.26,Healthy,Healthy
91,450,621.9,46.2,0.478,2.15,5.16,0.36,RunUp,Transient
92,455,642.7,44.2,0.494,2.222,7.37,-0.65,RunUp,Transient
93,460,611.5,45.9,0.424,1.91,5.54,0.06,RunUp,Transient
94,465,677,49.3,0.584,2.629,8.15,0.52,RunUp,Transient
95,470,669.8,47,0.373,1.678,5.83,0.02,RunUp,Transient
96,475,720.1,49,0.31,1.393,5.69,0.04,RunUp,Transient
97,480,740,47.4,0.492,2.216,6.12,0.33,RunUp,Transient
98,485,775.1,47.8,0.419,1.887,6.64,-1.04,RunUp,Transient
99,490,772.4,48.1,0.32,1.438,6.98,0.11,RunUp,Transient
100,495,788.4,47.5,0.462,2.081,7.21,0.29,RunUp,Transient
101,500,839.3,46.3,0.483,2.172,6.74,0.34,RunUp,Transient
102,505,869.9,46.6,0.337,1.519,6.46,-0.25,RunUp,Transient
103,510,865.8,47.8,0.441,1.985,6.89,0.26,RunUp,Transient
104,515,903.7,52.6,0.461,2.076,7.79,0.1,RunUp,Transient
105,520,958.3,43.2,0.41,1.844,7.02,0.29,RunUp,Transient
106,525,1006.7,48.6,0.654,9.56,7.49,0.43,RunUp,Transient
107,530,994.2,47.7,0.561,2.525,5.83,0.52,RunUp,Transient
108,535,987.7,48.5,0.754,3.395,6.6,0.06,RunUp,Transient
109,540,1055.3,48.1,0.403,1.814,7.03,0.28,RunUp,Transient
110,545,1070.2,46.5,0.71,3.196,8.3,0.06,RunUp,Transient
111,550,1085.4,47.1,0.67,3.014,6.17,0.32,RunUp,Transient
112,555,1094.4,46.6,0.586,2.638,8,0.05,RunUp,Transient
113,560,1114.5,49.6,0.494,2.223,7.08,0.66,RunUp,Transient
114,565,1174.6,47,0.774,3.483,6.8,0.36,RunUp,Transient
115,570,1163.1,47.9,0.29,1.305,8.41,0.6,RunUp,Transient
116,575,1175.7,45,0.305,1.375,7.86,-0.13,RunUp,Transient
117,580,1222.8,47.4,0.485,2.185,5.82,0.06,RunUp,Transient
118,585,1219.2,47.9,0.537,2.417,7.22,-0.04,RunUp,Transient
119,590,1253.9,48.3,,1.988,8.21,0.36,RunUp,Transient
120,595,1293.7,47.1,0.416,1.871,5.96,-0.09,RunUp,Transient
121,600,1325.9,49,0.568,2.557,8.69,-0.23,RunUp,Transient
122,605,1344.3,53.6,0.276,1.242,6.33,0.12,RunUp,Transient
123,610,1371.1,48.8,0.471,2.121,7.13,0.07,RunUp,Transient
124,615,1407.4,44.2,0.394,1.772,6.8,-0.36,RunUp,Transient
125,620,1395.1,49.3,0.422,1.899,7.37,0.35,RunUp,Transient
126,625,1446.1,49,0.487,2.194,5.53,0.04,RunUp,Transient
127,630,1473.1,46.9,0.488,2.196,7.47,-0.3,RunUp,Transient
128,635,1500.8,51.7,0.433,1.951,6.93,-0.01,RunUp,Transient
129,640,1542.8,48.6,0.608,2.735,6.18,0.04,RunUp,Transient
130,645,1535.8,44.4,0.673,3.028,7.61,-0.65,RunUp,Transient
131,650,1574.9,47.7,0.554,2.492,7.13,-0.55,RunUp,Transient
132,655,1579.8,51,0.431,1.94,5.88,-0.49,RunUp,Transient
133,660,1583.6,48.7,0.703,3.164,7.19,0.15,RunUp,Transient
134,665,1676.7,47,0.419,1.886,7.28,0.27,RunUp,Transient
135,670,1635.7,45.7,0.535,2.407,7.02,-0.47,RunUp,Transient
136,675,1676,46.9,0.555,2.498,6.69,0.02,RunUp,Transient
137,680,1696.9,50.1,0.667,3.001,6.47,0.39,RunUp,Transient
138,685,1712.8,48.1,0.59,2.655,8.16,-0.1,RunUp,Transient
139,690,1750.5,48.4,0.32,1.441,6.81,-0.22,RunUp,Transient
140,695,1783.4,45.7,0.263,1.182,6.83,0.15,RunUp,Transient
141,700,1774,59.2,0.887,3.992,6.25,0.24,BearingFault,InnerRace
142,705,1753.6,55.3,0.918,4.129,7.56,-0.02,BearingFault,InnerRace
143,710,1791.2,55.4,0.956,4.303,8.3,-0.22,BearingFault,InnerRace
144,715,1832.3,55.4,0.922,4.149,6.96,0.46,BearingFault,InnerRace
145,720,1760.3,51.7,0.993,4.467,7.52,0.3,BearingFault,InnerRace
146,725,1837.6,57.5,0.95,4.277,7.64,0.2,BearingFault,InnerRace
147,730,1818.3,53.9,0.875,3.937,3.7,0.37,BearingFault,InnerRace
148,735,1777.6,59.3,1.178,5.303,6.79,-0.05,BearingFault,InnerRace
149,740,1775,54.9,0.844,3.8,7.38,0.06,BearingFault,InnerRace
150,745,1786.3,56.6,1.03,4.634,7.24,-0.01,BearingFault,InnerRace
151,750,1798.3,56.6,0.782,3.517,8.11,0.24,BearingFault,InnerRace
152,755,1765.9,59.7,0.961,4.326,5.39,0.69,BearingFault,InnerRace
153,760,1791.7,59.2,0.944,4.247,6.67,-0.57,BearingFault,InnerRace
154,765,1804.4,57.1,0.886,3.985,7.12,0.08,BearingFault,InnerRace
155,770,1798.5,56.1,0.916,4.12,4.87,-0.12,BearingFault,InnerRace
156,775,1798.5,60.3,0.876,3.943,6.69,0.68,BearingFault,InnerRace
157,780,1778.5,58.8,1.121,5.046,6.84,0.54,BearingFault,InnerRace
158,785,1770.8,57.5,0.911,4.098,6.9,0.5,BearingFault,InnerRace
159,790,1832.8,55.3,0.851,3.829,7.25,-0.37,BearingFault,InnerRace
160,795,1794.9,58.4,0.887,3.99,7.28,-0.57,BearingFault,InnerRace
161,800,1800.2,53.1,0.836,3.764,6.3,-0.11,BearingFault,InnerRace
162,805,1802.2,57.2,0.872,3.925,7.29,0.68,BearingFault,InnerRace
163,810,1785.1,57.9,1.069,4.809,7.04,-0.46,BearingFault,InnerRace
164,815,1834.8,62.5,0.682,3.068,6.76,0.22,BearingFault,InnerRace
165,820,1804.3,58.7,0.887,3.993,5.85,0.09,BearingFault,InnerRace
166,825,1805.7,54.3,0.797,3.585,6.78,-0.72,BearingFault,InnerRace
167,830,1779.8,55.9,0.974,4.383,6.17,-0.3,BearingFault,InnerRace
168,835,1777.1,56.9,0.84,3.781,6.81,0.35,BearingFault,InnerRace
169,840,1808.7,61.3,0.826,3.717,6.42,-0.94,BearingFault,InnerRace
170,845,1823,55.2,0.916,4.122,7.27,-0.49,BearingFault,InnerRace
171,850,1794.3,56.9,0.701,3.154,7.06,0.53,BearingFault,InnerRace
172,855,1747.6,59,0.945,4.253,7.23,0.23,BearingFault,InnerRace
173,860,1811.1,56.4,,4.612,6.43,0.34,BearingFault,InnerRace
174,865,1768.7,56.7,1.128,5.075,7.2,-0.01,BearingFault,InnerRace
175,870,1762.1,55,0.943,4.245,7.65,0.22,BearingFault,InnerRace
176,875,1795.5,56.9,1.082,4.87,6.45,-0.17,BearingFault,InnerRace
177,880,1802.8,57.2,0.887,3.99,6.28,-0.05,BearingFault,InnerRace
178,885,1797.5,57.9,0.775,3.487,7.18,0.12,BearingFault,InnerRace
179,890,1765,58.9,0.886,3.989,6.5,0.37,BearingFault,InnerRace
180,895,1811.4,55.3,0.973,4.377,6.01,0.98,BearingFault,InnerRace
181,900,1775.1,60,0.842,3.79,7.53,0.94,BearingFault,InnerRace
182,905,1734.2,55.9,0.98,4.41,6.72,-0.22,BearingFault,InnerRace
183,910,1828,57.2,0.723,3.252,7.57,-0.64,BearingFault,InnerRace
184,915,1808,55.6,0.937,4.218,7.93,0.1,BearingFault,InnerRace
185,920,1757.2,52.8,1.062,4.779,7.47,-0.28,BearingFault,InnerRace
186,925,1802.2,58.2,0.998,4.49,4.77,-0.07,BearingFault,InnerRace
187,930,1803,58.8,1.026,4.616,4.59,0.12,BearingFault,InnerRace
188,935,1794.8,63.4,0.806,3.625,6.5,0.06,BearingFault,InnerRace
189,940,1802.7,55.9,1.058,4.76,6.09,0.16,BearingFault,InnerRace
190,945,1774.5,57.4,0.837,3.767,5.36,0.49,BearingFault,InnerRace
191,950,1791.1,55.6,0.944,4.248,7.69,-0.34,BearingFault,InnerRace
192,955,1782.8,58.3,0.983,4.424,6.5,-0.79,BearingFault,InnerRace
193,960,1809.9,57.8,0.922,4.147,6.55,0.16,BearingFault,InnerRace
194,965,1776.5,54.4,0.831,3.741,6.26,-0.19,BearingFault,InnerRace
195,970,1761.8,58.6,0.763,3.433,7.39,-0.36,BearingFault,InnerRace
196,975,1792,60.4,0.944,4.25,6.14,0.07,BearingFault,InnerRace
197,980,1788,52.7,0.847,3.812,6.95,-0.14,BearingFault,InnerRace
198,985,1786.6,58.8,1.012,4.554,7.62,0.29,BearingFault,InnerRace
199,990,,57,0.887,3.994,6.52,-0.02,BearingFault,InnerRace
200,995,1750.5,56.2,0.917,4.127,5.92,0.04,BearingFault,InnerRace
201,1000,1795.3,56.6,1.169,5.261,4.45,-0.03,BearingFault,InnerRace
202,1005,1748.5,59.4,1.238,5.573,4.55,0.1,BearingFault,InnerRace
203,1010,1795.4,56.2,0.986,4.438,4.78,0.39,BearingFault,InnerRace
204,1015,1792.4,57.1,0.849,3.823,7.37,-0.14,BearingFault,InnerRace
205,1020,1789.5,55.7,0.65,2.927,6.77,0.13,BearingFault,InnerRace
206,1025,1800.1,54.8,0.916,4.122,7.36,0.11,BearingFault,InnerRace
207,1030,1809.8,62,0.811,3.649,5.07,0.39,BearingFault,InnerRace
208,1035,1815.6,59.3,1.018,4.58,6.24,-0.24,BearingFault,InnerRace
209,1040,1802.8,54.7,0.702,3.161,5.9,1.05,BearingFault,InnerRace
210,1045,1823.5,55.3,0.833,3.746,7.01,-0.25,BearingFault,InnerRace
211,1050,1811.2,56.8,0.79,10.22,7.98,-0.18,BearingFault,InnerRace
212,1055,1789.4,57,0.882,3.97,7.09,-0.23,BearingFault,InnerRace
213,1060,1748.1,51.5,0.768,3.456,6.12,0.04,BearingFault,InnerRace
214,1065,1786.1,58.4,0.934,4.205,6.09,-0.23,BearingFault,InnerRace
215,1070,1742.6,56.6,0.978,4.402,7.28,0,BearingFault,InnerRace
216,1075,1781.5,59.3,0.922,4.148,7.46,0.28,BearingFault,InnerRace
217,1080,1789.3,60.3,0.851,3.831,6.48,-0.27,BearingFault,InnerRace
218,1085,1769.1,60.9,1.131,5.09,6.82,0.28,BearingFault,InnerRace
219,1090,1808.5,59,1.065,4.791,5.66,-0.21,BearingFault,InnerRace
220,1095,1794.1,60.6,0.932,4.196,6.03,-0.09,BearingFault,InnerRace
221,1100,1771.8,54.9,1.1,4.951,6.24,0.06,BearingFault,InnerRace
222,1105,1828.2,60,0.96,4.322,6.25,0.21,BearingFault,InnerRace
223,1110,1817.4,58.6,1.071,4.821,6.89,0.26,BearingFault,InnerRace
224,1115,1781,58.1,1.076,4.842,5.51,0.02,BearingFault,InnerRace
225,1120,1789.8,55.6,0.883,3.974,7.51,0.85,BearingFault,InnerRace
226,1125,1797.6,57.8,0.734,3.302,8.53,0.08,BearingFault,InnerRace
227,1130,1784.3,54.2,0.913,4.109,5.81,0.08,BearingFault,InnerRace
228,1135,1794.3,57.1,0.954,4.291,6.03,0.62,BearingFault,InnerRace
229,1140,1771.9,52.5,0.897,4.039,6.11,-0.35,BearingFault,InnerRace
230,1145,1777.9,57.7,0.778,3.502,6.68,0.62,BearingFault,InnerRace
231,1150,1798.7,56.6,0.935,4.209,6.69,0.03,BearingFault,InnerRace
232,1155,1799.6,56.8,0.631,2.842,6.78,-0.31,BearingFault,InnerRace
233,1160,1798,55.5,0.938,4.22,8.76,-0.37,BearingFault,InnerRace
234,1165,1762.5,53.5,,2.847,5.11,0.2,BearingFault,InnerRace
235,1170,1772.2,52.3,0.742,3.339,7.36,-0.26,BearingFault,InnerRace
236,1175,1777.7,57.8,1.083,4.872,8.55,0.46,BearingFault,InnerRace
237,1180,1787.9,57.5,1.136,5.113,8.09,-0.07,BearingFault,InnerRace
238,1185,1794.2,57.7,0.926,4.168,6.35,-0.48,BearingFault,InnerRace
239,1190,1774.3,53.1,1.067,4.801,7.28,-0.43,BearingFault,InnerRace
240,1195,1812.9,59.2,0.691,3.109,8.46,0.37,BearingFault,InnerRace
241,1200,1826.3,53.9,0.984,4.427,7.18,0.13,BearingFault,InnerRace
242,1205,1788.4,59.6,0.741,3.333,5.68,-0.51,BearingFault,InnerRace
243,1210,1773.8,55.5,0.964,4.338,7.04,0.06,BearingFault,InnerRace
244,1215,1771.5,55.9,1.034,4.654,7.49,0.09,BearingFault,InnerRace
245,1220,1778.5,60.9,0.849,3.819,7.38,0.51,BearingFault,InnerRace
246,1225,1779.7,59.1,0.786,3.538,7.71,0.13,BearingFault,InnerRace
247,1230,1753.3,58.7,0.813,3.658,7.95,-0.22,BearingFault,InnerRace
248,1235,1781.7,57.7,0.88,3.96,7.03,-0.17,BearingFault,InnerRace
249,1240,1798.4,57,0.945,4.254,4.32,0.51,BearingFault,InnerRace
250,1245,1785.6,52.5,0.931,4.192,7.22,0.48,BearingFault,InnerRace
251,1250,1763.3,60.9,0.901,4.054,8.96,-0.01,BearingFault,InnerRace
252,1255,1798.6,56.1,0.786,3.537,7.79,0.41,BearingFault,InnerRace
253,1260,1815.8,59.1,0.851,3.83,5.3,-0.21,BearingFault,InnerRace
254,1265,1771.5,55,0.99,4.454,7.1,-0.06,BearingFault,InnerRace
255,1270,1788.5,56.6,0.946,4.255,7.48,0.43,BearingFault,InnerRace
256,1275,1771.3,53.2,1.091,4.911,6.9,0.49,BearingFault,InnerRace
257,1280,1752.1,56.2,0.923,4.155,5.5,-0.16,BearingFault,InnerRace
258,1285,1799.5,59.7,1.111,5.001,6.02,-0.51,BearingFault,InnerRace
259,1290,1795.4,59.4,0.943,4.244,5.63,0.36,BearingFault,InnerRace
260,1295,1800.9,58.4,0.862,3.877,7.07,0.37,BearingFault,InnerRace
261,1300,1773.8,52.4,0.959,4.317,7.23,0.06,BearingFault,InnerRace
262,1305,1802.8,55.5,0.91,4.096,6.53,0.28,BearingFault,InnerRace
263,1310,1816.9,56.4,1.167,5.25,8.18,0.37,BearingFault,InnerRace
264,1315,1796.7,61.4,0.898,4.043,6.7,-0.38,BearingFault,InnerRace
265,1320,1794.5,60.4,0.984,4.428,7.18,-0.03,BearingFault,InnerRace
266,1325,1788.4,53.4,1.046,4.706,6.43,-0.39,BearingFault,InnerRace
267,1330,1770,54.9,1.023,4.602,7.75,-0.49,BearingFault,InnerRace
268,1335,1803.5,59.2,0.85,3.827,5.46,-0.25,BearingFault,InnerRace
269,1340,1772.3,57.9,0.877,3.947,4.97,0.14,BearingFault,InnerRace
270,1345,1754.3,59.3,0.775,3.488,6.18,-0.29,BearingFault,InnerRace
271,1350,1774.1,60.2,1.022,4.6,7.34,0.18,BearingFault,InnerRace
272,1355,1754,55.7,0.854,3.842,5.92,0.25,BearingFault,InnerRace
273,1360,1770.2,55.2,0.795,3.576,4.95,0.29,BearingFault,InnerRace
274,1365,1811.6,57.4,0.803,3.613,4.37,0.12,BearingFault,InnerRace
275,1370,1809.3,57.7,1.031,4.641,8.13,0.5,BearingFault,InnerRace
276,1375,1776.2,59.6,1.013,4.559,5.42,-0.11,BearingFault,InnerRace
277,1380,1756.5,56.7,0.989,4.452,5.84,-0.77,BearingFault,InnerRace
278,1385,1811,57.9,1.097,4.934,5.61,0.47,BearingFault,InnerRace
279,1390,1826.5,62,0.895,4.027,7.04,-0.01,BearingFault,InnerRace
280,1395,1805,59.6,0.93,4.187,5.58,0.35,BearingFault,InnerRace
281,1400,1775.6,58.6,0.952,4.282,8.26,0.51,BearingFault,InnerRace
282,1405,1776,57.9,1.132,5.093,6.32,0.22,BearingFault,InnerRace
283,1410,1808.8,60.1,0.982,4.42,5.61,-0.45,BearingFault,InnerRace
284,1415,1789.9,58,1.226,5.516,6.02,0.51,BearingFault,InnerRace
285,1420,1800.4,52.8,0.822,3.698,6.95,-0.15,BearingFault,InnerRace
286,1425,1781.9,58.2,0.823,3.703,7.22,-0.2,BearingFault,InnerRace
287,1430,1774.1,58.3,0.851,3.83,7.06,0.69,BearingFault,InnerRace
288,1435,1785.5,56.6,1.008,4.537,6.47,0.48,BearingFault,InnerRace
289,1440,1759.3,58.5,0.859,3.863,6.08,0.76,BearingFault,InnerRace
290,1445,1768,61.4,0.999,4.495,8.11,-0.34,BearingFault,InnerRace
291,1450,1831.6,54.9,0.611,2.748,6.68,1.03,Imbalance,RotorImbalance
292,1455,1813.2,51.2,0.57,2.563,7.2,0.18,Imbalance,RotorImbalance
293,1460,1813.2,55.4,0.594,2.672,7.23,0.63,Imbalance,RotorImbalance
294,1465,1791.9,54.1,0.767,3.45,5.58,-0.39,Imbalance,RotorImbalance
295,1470,1791.3,48.3,0.656,2.953,5.13,0.25,Imbalance,RotorImbalance
296,1475,1836.2,48.8,0.595,2.676,5.07,0.36,Imbalance,RotorImbalance
297,1480,1796.7,51.5,0.624,2.81,7.29,-0.09,Imbalance,RotorImbalance
298,1485,1810.3,50.9,0.629,2.831,5.74,0.08,Imbalance,RotorImbalance
299,1490,1775.2,51,0.773,3.48,6.87,-0.45,Imbalance,RotorImbalance
300,1495,1814.6,50.1,0.488,2.196,6.14,0.34,Imbalance,RotorImbalance
301,1500,1816.9,51.8,0.546,2.456,5.83,0.59,Imbalance,RotorImbalance
302,1505,1814.4,50.1,,2.03,5.57,1.04,Imbalance,RotorImbalance
303,1510,1789.3,51.8,0.637,2.866,6.66,-0.06,Imbalance,RotorImbalance
304,1515,1785.3,49.9,0.755,3.398,6.12,0.39,Imbalance,RotorImbalance
305,1520,1779.5,51.5,0.641,2.884,7.73,-0.4,Imbalance,RotorImbalance
306,1525,1820.7,52.8,0.561,2.524,7.23,-0.31,Imbalance,RotorImbalance
307,1530,1795.7,52,0.403,1.813,6.7,-0.35,Imbalance,RotorImbalance
308,1535,1783.7,51.1,0.681,3.065,6.44,0.56,Imbalance,RotorImbalance
309,1540,1789.1,49.4,0.744,3.348,7.16,0.43,Imbalance,RotorImbalance
310,1545,1795.1,53.6,0.641,2.883,7.38,0.06,Imbalance,RotorImbalance
311,1550,1831.7,50.7,0.543,2.443,5.47,0.51,Imbalance,RotorImbalance
312,1555,1796.7,49.9,0.545,2.452,6.4,-0.46,Imbalance,RotorImbalance
313,1560,1804.8,50.7,0.576,2.592,5.94,0.06,Imbalance,RotorImbalance
314,1565,1801.7,52.2,0.64,2.88,7.11,-0.83,Imbalance,RotorImbalance
315,1570,1800.4,50.4,0.682,3.069,5.38,-0.24,Imbalance,RotorImbalance
316,1575,1804.7,51.3,0.699,3.147,6.4,0.44,Imbalance,RotorImbalance
317,1580,1783.6,48.4,0.718,3.229,7.19,0.25,Imbalance,RotorImbalance
318,1585,1812.2,53,0.523,2.352,7.65,-0.16,Imbalance,RotorImbalance
319,1590,1827.7,52.2,0.462,2.079,5.64,0.5,Imbalance,RotorImbalance
320,1595,1807.5,51.2,0.639,2.877,6.42,-0.17,Imbalance,RotorImbalance
321,1600,1811.8,52.3,0.741,3.336,6.84,0.8,Imbalance,RotorImbalance
322,1605,1842.4,55.4,0.705,3.172,6.92,0.1,Imbalance,RotorImbalance
323,1610,1807.4,50.5,0.615,2.766,6.22,0.71,Imbalance,RotorImbalance
324,1615,1819.6,51.1,0.467,2.1,6.75,-0.12,Imbalance,RotorImbalance
325,1620,1790.5,49.7,0.44,1.98,7.31,0.02,Imbalance,RotorImbalance
326,1625,1856.5,51.9,0.608,2.737,8.1,0.1,Imbalance,RotorImbalance
327,1630,1813,51.3,0.572,2.572,8.15,0.45,Imbalance,RotorImbalance
328,1635,1840.9,51.3,0.622,2.801,6.01,0.44,Imbalance,RotorImbalance
329,1640,1784.9,53.1,0.708,3.185,8.07,-0.33,Imbalance,RotorImbalance
330,1645,1829.6,50.6,0.559,2.517,5.61,0.51,Imbalance,RotorImbalance
331,1650,1839.7,50.8,0.559,2.517,6.49,1.05,Imbalance,RotorImbalance
332,1655,1828.1,50.9,0.476,2.144,6.19,0.52,Imbalance,RotorImbalance
333,1660,1843.6,51.5,0.565,2.541,6.34,-0.7,Imbalance,RotorImbalance
334,1665,1826.3,49.8,0.705,9.54,5.26,-0.46,Imbalance,RotorImbalance
335,1670,1815.2,50.5,0.683,3.071,6.81,-0.42,Imbalance,RotorImbalance
336,1675,1821.2,53.7,0.467,2.101,8.44,0.25,Imbalance,RotorImbalance
337,1680,1823.7,48.3,0.562,2.531,6.49,0.48,Imbalance,RotorImbalance
338,1685,1783.7,50.2,0.458,2.059,6.58,0.19,Imbalance,RotorImbalance
339,1690,1779.6,50.8,0.661,2.974,8.23,0.32,Imbalance,RotorImbalance
340,1695,1804.5,49.6,0.545,2.453,6.2,0.11,Imbalance,RotorImbalance
341,1700,1809.1,55.3,0.643,2.893,5.84,0.67,Imbalance,RotorImbalance
342,1705,1827.1,52.2,0.562,2.53,5.12,-0.36,Imbalance,RotorImbalance
343,1710,1826.4,50.4,0.514,2.315,6.98,0.15,Imbalance,RotorImbalance
344,1715,1820.9,53.3,0.733,3.297,6.04,0.44,Imbalance,RotorImbalance
345,1720,1792.2,53.4,0.634,2.854,7.02,0.44,Imbalance,RotorImbalance
346,1725,1809.7,54.2,0.69,3.105,6.92,-0.18,Imbalance,RotorImbalance
347,1730,1796.4,50.9,0.604,2.717,6.78,1.24,Imbalance,RotorImbalance
348,1735,1821.5,53.5,0.551,2.48,6.16,-0.08,Imbalance,RotorImbalance
349,1740,1813.5,49.9,0.749,3.37,6.29,0.48,Imbalance,RotorImbalance
350,1745,1768,52,0.642,2.89,6.97,0.29,Imbalance,RotorImbalance
351,1750,1815,52.3,0.469,2.109,6.16,-0.89,Imbalance,RotorImbalance
352,1755,1821.3,52.6,0.604,2.72,6.06,-0.18,Imbalance,RotorImbalance
353,1760,1843.2,55.5,0.615,2.769,7.96,-0.59,Imbalance,RotorImbalance
354,1765,1775.2,51,0.55,2.475,6.3,0.13,Imbalance,RotorImbalance
355,1770,1864.4,50.7,0.624,2.808,7.05,0.04,Imbalance,RotorImbalance
356,1775,1826.8,55.6,,2.342,6.95,-0.06,Imbalance,RotorImbalance
357,1780,1816.4,48.9,0.479,2.157,4.72,0.26,Imbalance,RotorImbalance
358,1785,1813.5,52.1,0.431,1.938,6.46,-0.25,Imbalance,RotorImbalance
359,1790,1784.6,50.2,0.676,3.041,7.29,0.04,Imbalance,RotorImbalance
360,1795,1819.3,50.8,0.626,2.816,6.84,0.27,Imbalance,RotorImbalance
361,1800,1808.7,51.7,0.609,2.742,6.22,0.94,Imbalance,RotorImbalance
362,1805,1819.3,52.9,0.803,3.615,8.06,-0.57,Imbalance,RotorImbalance
363,1810,1822.5,53.7,0.771,3.469,7.98,0.36,Imbalance,RotorImbalance
364,1815,1788.8,50.3,0.642,2.887,7.25,-0.36,Imbalance,RotorImbalance
365,1820,1803.1,51.2,0.625,2.812,7.1,-0.06,Imbalance,RotorImbalance
366,1825,1787.7,54.5,0.748,3.365,6.7,0.46,Imbalance,RotorImbalance
367,1830,1818,53.3,0.659,2.963,6.11,0.28,Imbalance,RotorImbalance
368,1835,1828.2,50.2,0.777,3.498,8.68,0.78,Imbalance,RotorImbalance
369,1840,1845.8,53.5,0.593,2.668,6.26,-0.28,Imbalance,RotorImbalance
370,1845,1812.1,51.9,0.674,3.031,4.98,0.97,Imbalance,RotorImbalance
371,1850,1851,51.9,0.674,3.033,7.23,0.16,Imbalance,RotorImbalance
372,1855,1806.2,51.8,0.554,2.493,6.96,0.04,Imbalance,RotorImbalance
373,1860,1815.8,50.3,0.623,2.804,6.84,0.29,Imbalance,RotorImbalance
374,1865,1790.9,52.8,0.699,3.144,7.34,-0.1,Imbalance,RotorImbalance
375,1870,1801.2,51.5,0.678,3.053,8.2,-0.01,Imbalance,RotorImbalance
376,1875,1798.4,52.8,0.636,2.864,5.98,-0.24,Imbalance,RotorImbalance
377,1880,1808.2,53.3,0.525,2.36,5.88,0.25,Imbalance,RotorImbalance
378,1885,,52.2,0.648,2.917,6.7,-0.36,Imbalance,RotorImbalance
379,1890,1808.9,51.3,0.647,2.911,6.05,0.49,Imbalance,RotorImbalance
380,1895,1779.8,51.6,0.621,2.793,7.67,-0.19,Imbalance,RotorImbalance
381,1900,1819.8,50.9,0.679,3.056,8.36,-0.11,Imbalance,RotorImbalance
382,1905,1818,50.1,0.698,3.14,7.89,0.06,Imbalance,RotorImbalance
383,1910,1789.6,52.8,0.712,3.204,7.78,0.38,Imbalance,RotorImbalance
384,1915,1777.1,50.6,0.734,3.302,5.7,0.5,Imbalance,RotorImbalance
385,1920,1843.9,53.5,0.71,3.193,6.5,-0.44,Imbalance,RotorImbalance
386,1925,1808.2,51.6,0.616,2.773,7.43,-0.01,Imbalance,RotorImbalance
387,1930,1813.5,52.8,0.62,2.788,8.46,0.23,Imbalance,RotorImbalance
388,1935,1811.5,51.6,0.57,2.565,8.01,0.11,Imbalance,RotorImbalance
389,1940,1790.6,50.9,0.609,2.741,6.4,0.48,Imbalance,RotorImbalance
390,1945,1789.1,53,0.631,2.842,5.74,0.07,Imbalance,RotorImbalance
391,1950,1808.3,53,0.584,2.628,7.07,-0.62,Imbalance,RotorImbalance
392,1955,1790.5,53.6,0.703,3.165,6.79,-0.19,Imbalance,RotorImbalance
393,1960,1829.5,47.8,0.556,2.502,7.4,0.31,Imbalance,RotorImbalance
394,1965,1791.4,48.2,0.736,3.313,6.94,-0.31,Imbalance,RotorImbalance
395,1970,1811,53.8,0.413,1.857,7.8,0.35,Imbalance,RotorImbalance
396,1975,1772.5,53.5,0.478,2.149,7.83,0.21,Imbalance,RotorImbalance
397,1980,1850.5,50.8,0.62,2.792,7.74,-0.21,Imbalance,RotorImbalance
398,1985,1797.3,51.3,0.614,2.764,5.83,0.24,Imbalance,RotorImbalance
399,1990,1819.8,52.1,0.756,3.402,6.51,0.57,Imbalance,RotorImbalance
400,1995,1800.2,53.5,0.465,2.093,6.98,-0.02,Imbalance,RotorImbalance
401,2000,1801.1,50.8,0.592,2.665,6.15,-0.83,Imbalance,RotorImbalance
402,2005,1799.3,50.9,0.578,2.601,5.85,0,Imbalance,RotorImbalance
403,2010,1824.1,51.5,0.581,2.613,8.02,0.44,Imbalance,RotorImbalance
404,2015,1826.6,54.3,0.594,2.672,6.68,0.5,Imbalance,RotorImbalance
405,2020,1800,51.8,0.65,2.926,7.14,-0.06,Imbalance,RotorImbalance
406,2025,1827.7,51.6,0.678,3.051,7.76,0.31,Imbalance,RotorImbalance
407,2030,1823.2,49.7,0.515,2.318,6.24,0.24,Imbalance,RotorImbalance
408,2035,1837,49.6,0.645,2.9,6.03,-0.24,Imbalance,RotorImbalance
409,2040,1805,53.4,0.637,2.867,7.86,-0.34,Imbalance,RotorImbalance
410,2045,1826,53.9,0.626,2.815,7.23,-0.18,Imbalance,RotorImbalance
411,2050,1790.4,51.2,0.569,2.559,9.4,-0.14,Imbalance,RotorImbalance
412,2055,1839.7,52.4,0.645,2.902,7.47,-0.26,Imbalance,RotorImbalance
413,2060,1826.5,52.8,0.499,2.244,7.34,0.27,Imbalance,RotorImbalance
414,2065,1818.1,55.2,0.587,2.641,7.26,0.35,Imbalance,RotorImbalance
415,2070,1793.8,54.4,0.504,2.268,5.63,0.26,Imbalance,RotorImbalance
416,2075,1790.4,51.8,0.488,2.198,6.86,-0.4,Imbalance,RotorImbalance
417,2080,1816.2,48.9,0.656,2.952,6.56,0.08,Imbalance,RotorImbalance
418,2085,1808.8,52.3,0.514,2.314,4.49,0.06,Imbalance,RotorImbalance
419,2090,1793.2,51.1,0.654,2.944,5.01,-0.26,Imbalance,RotorImbalance
420,2095,1799,49.9,0.646,2.908,6.67,-0.28,Imbalance,RotorImbalance
51,250,1781.5,46,0.214,0.75,3.07,-0.19,Healthy,Healthy
177,880,1802.8,57.2,0.887,3.99,6.28,-0.05,BearingFault,InnerRace
311,1550,1831.7,50.7,0.543,2.443,5.47,0.51,Imbalance,RotorImbalance
